�ü���,������,�ּ�1,��ġ��ġ,��ġ����,����,�԰�,�����ͱ�����
�ݿ� APT,���ط�,���ط�,�ݿ� APT,"������(����,�ý� ��)",�Ϲݾ�������ſ�,����� ǥ��,2018-01-01
â4�� �ֹμ��� ��,���ط�,���ط�,â4�� �ֹμ��� ��,"������(����,�ý� ��)",�Ϲݾ�������ſ�,����� ǥ��,2018-01-01
����3�� �ֹμ���,�÷����,�÷����,����3�� �ֹμ���,"������(����,�ý� ��)",�Ϲݾ�������ſ�,����� ǥ��,2018-01-01
����3�� �ֹμ��� �ǳ���,�÷����,�÷����,����3�� �ֹμ��� �ǳ���,"������(����,�ý� ��)",�Ϲݾ�������ſ�,����� ǥ��,2018-01-01
��Ƽ�ε���,���з�,���з�,��Ƽ�ε���,"������(����,�ý� ��)",�Ϲݾ�������ſ�,����� ǥ��,2018-01-01
���� �ǳ���,�÷����,�÷����,���� �ǳ���,"������(����,�ý� ��)",�Ϲݾ�������ſ�,����� ǥ��,2018-01-01
����2�� �ֹμ��� ��,�÷����,�÷����,����2�� �ֹμ��� ��,"������(����,�ý� ��)",�Ϲݾ�������ſ�,����� ǥ��,2018-01-01
����2�� �ֹμ��� �ǳ���,�÷����,�÷����,����2�� �ֹμ��� �ǳ���,"������(����,�ý� ��)",�Ϲݾ�������ſ�,����� ǥ��,2018-01-01
�������� �ǳ���,���з�,���з�,�������� �ǳ���,"������(����,�ý� ��)",�Ϲݾ�������ſ�,����� ǥ��,2018-01-01
����ġ�� ��,���з�,���з�,����ġ�� ��,"������(����,�ý� ��)",�Ϲݾ�������ſ�,����� ǥ��,2018-01-01
����� ��,���з�,���з�,����� ��,"������(����,�ý� ��)",�Ϲݾ�������ſ�,����� ǥ��,2018-01-01
�ŵ���APT 11��,���з�,���з�,�ŵ���APT 11��,"������(����,�ý� ��)",�Ϲݾ�������ſ�,����� ǥ��,2018-01-01
������ǿ� ��,���з�,���з�,������ǿ� ��,"������(����,�ý� ��)",�Ϲݾ�������ſ�,����� ǥ��,2018-01-01
�ֹ�1�� ġ�ȼ��� ��,����õ��,����õ��,�ֹ�1�� ġ�ȼ��� ��,"������(����,�ý� ��)",�Ϲݾ�������ſ�,����� ǥ��,2018-01-01
�ֹ�1�� �ɵ��� �Ա�,����õ��,����õ��,�ֹ�1�� �ɵ��� �Ա�,"������(����,�ý� ��)",�Ϲݾ�������ſ�,����� ǥ��,2018-01-01
�ǿ�APT �ǳ���,����õ��,����õ��,�ǿ�APT �ǳ���,"������(����,�ý� ��)",�Ϲݾ�������ſ�,����� ǥ��,2018-01-01
������ ��,������,������,������ ��,"������(����,�ý� ��)",�Ϲݾ�������ſ�,����� ǥ��,2018-01-01
���谡�� ��,������,������,���谡�� ��,"������(����,�ý� ��)",�Ϲݾ�������ſ�,����� ǥ��,2018-01-01
������ �ǳ���,������,������,������ �ǳ���,"������(����,�ý� ��)",�Ϲݾ�������ſ�,����� ǥ��,2018-01-01
�������� �ǳ���,������,������,�������� �ǳ���,"������(����,�ý� ��)",�Ϲݾ�������ſ�,����� ǥ��,2018-01-01
�ְ� 4���� ��,������,������,�ְ� 4���� ��,"������(����,�ý� ��)",�Ϲݾ�������ſ�,����� ǥ��,2018-01-01
���������� ��,������,������,���������� ��,"������(����,�ý� ��)",�Ϲݾ�������ſ�,����� ǥ��,2018-01-01
���� ��,���ط�,���ط�,���� ��,"������(����,�ý� ��)",�Ϲݾ�������ſ�,����� ǥ��,2018-01-01
â����(1���ⱸ) �������� ������,�����,�����,â����(1���ⱸ) �������� ������,"������(����,�ý� ��)",�Ϲݾ�������ſ�,����� ǥ��,2018-01-01
2���ⱸ ���������� ,���ط�,���ط�,2���ⱸ ���������� ,"������(����,�ý� ��)",�Ϲݾ�������ſ�,����� ǥ��,2018-01-01
�����ϳ��� ��Ʈ ����,�����,�����,�����ϳ��� ��Ʈ ����,"������(����,�ý� ��)",�Ϲݾ�������ſ�,����� ǥ��,2018-01-01
�Ѽ���ȸ ��,�����,�����,�Ѽ���ȸ ��,"������(����,�ý� ��)",�Ϲݾ�������ſ�,����� ǥ��,2018-01-01
â4�� �ֹμ��� ��,�����,�����,â4�� �ֹμ��� ��,"������(����,�ý� ��)",�Ϲݾ�������ſ�,����� ǥ��,2018-01-01
û�� �Ĵ�,���з�,���з�,û�� �Ĵ�,"������(����,�ý� ��)",�Ϲݾ�������ſ�,����� ǥ��,2018-01-01
�����,�����,�����,�����,"������(����,�ý� ��)",�Ϲݾ�������ſ�,����� ǥ��,2018-01-01
�Ｚ���̾� ��,�����,�����,�Ｚ���̾� ��,"������(����,�ý� ��)",�Ϲݾ�������ſ�,����� ǥ��,2018-01-01
������û ��,�����,�����,������û ��,"������(����,�ý� ��)",�Ϲݾ�������ſ�,����� ǥ��,2018-01-01
������û �ǳ���,�����,�����,������û �ǳ���,"������(����,�ý� ��)",�Ϲݾ�������ſ�,����� ǥ��,2018-01-01
����û�ֻ� ��,���ط�,���ط�,����û�ֻ� ��,"������(����,�ý� ��)",�Ϲݾ�������ſ�,����� ǥ��,2018-01-01
����û�ֻ� ��(â�� ��ȭü������),���ط�,���ط�,����û�ֻ� ��(â�� ��ȭü������),"������(����,�ý� ��)",��Ȱ�� ���ſ�,����� ǥ��,2018-01-01
����û�ֻ� �ǳ���,���ط�,���ط�,����û�ֻ� �ǳ���,"������(����,�ý� ��)",�Ϲݾ�������ſ�,����� ǥ��,2018-01-01
����1�� ���� ��,������,������,����1�� ���� ��,"������(����,�ý� ��)",�Ϲݾ�������ſ�,����� ǥ��,2018-01-01
����ȸ�������� ��������,������,������,����ȸ�������� ��������,"������(����,�ý� ��)",�Ϲݾ�������ſ�,����� ǥ��,2018-01-01
���������Ҽ��� ��,������,������,���������Ҽ��� ��,"������(����,�ý� ��)",�Ϲݾ�������ſ�,����� ǥ��,2018-01-01
��������ȸ�� ��,������,������,��������ȸ�� ��,"������(����,�ý� ��)",�Ϲݾ�������ſ�,����� ǥ��,2018-01-01
â���� 1���ⱸ ����������,�����,�����,â���� 1���ⱸ ����������,"������(����,�ý� ��)",�Ϲݾ�������ſ�,����� ǥ��,2018-01-01
â���� �ι���� ��,�����,�����,â���� �ι���� ��,"������(����,�ý� ��)",�Ϲݾ�������ſ�,����� ǥ��,2018-01-01
â4�� �ֹμ��� �ǳ���,�����,�����,â4�� �ֹμ��� �ǳ���,"������(����,�ý� ��)",�Ϲݾ�������ſ�,����� ǥ��,2018-01-01
������������ �ǳ���,���з�,���з�,������������ �ǳ���,"������(����,�ý� ��)",�Ϲݾ�������ſ�,����� ǥ��,2018-01-01
â��������ũ ��,�����,�����,â��������ũ ��,"������(����,�ý� ��)",�Ϲݾ�������ſ�,����� ǥ��,2018-01-01
���������ũ1�� ����������,�ص��,�ص��,���������ũ1�� ����������,"������(����,�ý� ��)",�Ϲݾ�������ſ�,����� ǥ��,2018-01-01
â���� 1���ⱸ �н�Ÿ ��,�����,�����,â���� 1���ⱸ �н�Ÿ ��,"������(����,�ý� ��)",�Ϲݾ�������ſ�,����� ǥ��,2018-01-01
���Ǿ� ȣ�� ��,������,������,���Ǿ� ȣ�� ��,��Ÿ(Ⱦ�ܺ���),�Ϲݾ�������ſ�,����� ǥ��,2018-01-01
�������б� ��,�����,�����,�������б� ��,"������(����,�ý� ��)",�Ϲݾ�������ſ�,����� ǥ��,2018-01-01
�ְ� 17���� ����������,������,������,�ְ� 17���� ����������,"������(����,�ý� ��)",�Ϲݾ�������ſ�,����� ǥ��,2018-01-01
���걺�� ����������,���з�,���з�,���걺�� ����������,"������(����,�ý� ��)",�Ϲݾ�������ſ�,����� ǥ��,2018-01-01
���л�Ÿ� ������(������),������,������,���л�Ÿ� ������(������),"������(����,�ý� ��)",�Ϲݾ�������ſ�,����� ǥ��,2018-01-01
���л�Ÿ� ������(������),������,������,���л�Ÿ� ������(������),"������(����,�ý� ��)",��Ȱ�� ���ſ�,����� ǥ��,2018-01-01
�¿�����Ʈ ��,������,������,�¿�����Ʈ ��,"������(����,�ý� ��)",�Ϲݾ�������ſ�,����� ǥ��,2018-01-01
�¿�����Ʈ ��,������,������,�¿�����Ʈ ��,"������(����,�ý� ��)",��Ȱ�� ���ſ�,����� ǥ��,2018-01-01
���Ǿ�ȣ�� 4�Ÿ�(VIPS ��),������,������,���Ǿ�ȣ�� 4�Ÿ�(VIPS ��),"������(����,�ý� ��)",�Ϲݾ�������ſ�,����� ǥ��,2018-01-01
��Ʈ���� ��,���з�,���з�,��Ʈ���� ��,����(����)��,�Ϲݾ�������ſ�,����� ǥ��,2018-01-01
û�Ѻ��� ��,�ص��,�ص��,û�Ѻ��� ��,����(����)��,�Ϲݾ�������ſ�,����� ǥ��,2018-01-01
�ֹ��� 3�� �ⱸ,������,������,�ֹ��� 3�� �ⱸ,����(����)��,�Ϲݾ�������ſ�,����� ǥ��,2018-01-01
������ ,������,������,������ ,����(����)��,�Ϲݾ�������ſ�,����� ǥ��,2018-01-01
���п� 2�� �ⱸ,������,������,���п� 2�� �ⱸ,����(����)��,�Ϲݾ�������ſ�,����� ǥ��,2018-01-01
��õ�� 1���ⱸ,������,������,��õ�� 1���ⱸ,����(����)��,�Ϲݾ�������ſ�,����� ǥ��,2018-01-01
����ֹ��ʵ��б�,����õ��,����õ��,����ֹ��ʵ��б�,��Ÿ(�б���),"�Ϲ�,��Ȱ�뾲������ſ�",����� ǥ��,2018-01-01
����ֹ��ʵ��б�,����õ��,����õ��,����ֹ��ʵ��б�,��Ÿ(�б���),"�Ϲ�,��Ȱ�뾲������ſ�",����� ǥ��,2018-01-01
����â���ʵ��б�,������,������,����â���ʵ��б�,��Ÿ(�б���),"�Ϲ�,��Ȱ�뾲������ſ�",����� ǥ��,2018-01-01
����â���ʵ��б�,������,������,����â���ʵ��б�,��Ÿ(�б���),"�Ϲ�,��Ȱ�뾲������ſ�",����� ǥ��,2018-01-01
�ѽ��ʵ��б�,���ط�,���ط�,�ѽ��ʵ��б�,��Ÿ(�б���),"�Ϲ�,��Ȱ�뾲������ſ�",����� ǥ��,2018-01-01
�ѽ��ʵ��б�,���ط�,���ط�,�ѽ��ʵ��б�,��Ÿ(�б���),"�Ϲ�,��Ȱ�뾲������ſ�",����� ǥ��,2018-01-01
����â���ʵ��б�,�����,�����,����â���ʵ��б�,��Ÿ(�б���),"�Ϲ�,��Ȱ�뾲������ſ�",����� ǥ��,2018-01-01
����â���ʵ��б�,�����,�����,����â���ʵ��б�,��Ÿ(�б���),"�Ϲ�,��Ȱ�뾲������ſ�",����� ǥ��,2018-01-01
��������ʵ��б�,���з�,���з�,��������ʵ��б�,��Ÿ(�б���),"�Ϲ�,��Ȱ�뾲������ſ�",����� ǥ��,2018-01-01
��������ʵ��б�,���з�,���з�,��������ʵ��б�,��Ÿ(�б���),"�Ϲ�,��Ȱ�뾲������ſ�",����� ǥ��,2018-01-01
�����ʴ��ʵ��б�,�ص��,�ص��,�����ʴ��ʵ��б�,��Ÿ(�б���),"�Ϲ�,��Ȱ�뾲������ſ�",����� ǥ��,2018-01-01
�����ʴ��ʵ��б�,�ص��,�ص��,�����ʴ��ʵ��б�,��Ÿ(�б���),"�Ϲ�,��Ȱ�뾲������ſ�",����� ǥ��,2018-01-01
����â���ʵ��б�,���ط�,���ط�,����â���ʵ��б�,��Ÿ(�б���),"�Ϲ�,��Ȱ�뾲������ſ�",����� ǥ��,2018-01-01
����â���ʵ��б�,���ط�,���ط�,����â���ʵ��б�,��Ÿ(�б���),"�Ϲ�,��Ȱ�뾲������ſ�",����� ǥ��,2018-01-01
����â���ʵ��б�,������,������,����â���ʵ��б�,��Ÿ(�б���),"�Ϲ�,��Ȱ�뾲������ſ�",����� ǥ��,2018-01-01
����â���ʵ��б�,������,������,����â���ʵ��б�,��Ÿ(�б���),"�Ϲ�,��Ȱ�뾲������ſ�",����� ǥ��,2018-01-01
�����ȭ�ʵ��б�,����õ��,����õ��,�����ȭ�ʵ��б�,��Ÿ(�б���),"�Ϲ�,��Ȱ�뾲������ſ�",����� ǥ��,2018-01-01
���Ǽһ�Ÿ� �츮���� ��,������,������,���Ǽһ�Ÿ� �츮���� ��,��Ÿ(Ⱦ�ܺ���),�Ϲݾ�������ſ�,����� ǥ��,2018-01-01
�溹�ýĴ� ��,������,������,�溹�ýĴ� ��,��Ÿ(Ⱦ�ܺ���),�Ϲݾ�������ſ�,����� ǥ��,2018-01-01
����ȭ��� ��,������,������,����ȭ��� ��,��Ÿ(Ⱦ�ܺ���),�Ϲݾ�������ſ�,����� ǥ��,2018-01-01
��걳ȸ Ⱦ�ܺ��� ��,������,������,��걳ȸ Ⱦ�ܺ��� ��,��Ÿ(Ⱦ�ܺ���),�Ϲݾ�������ſ�,����� ǥ��,2018-01-01
�������� ��,������,������,�������� ��,��Ÿ(Ⱦ�ܺ���),�Ϲݾ�������ſ�,����� ǥ��,2018-01-01
�����꿪 Ⱦ�ܺ���,������,������,�����꿪 Ⱦ�ܺ���,��Ÿ(Ⱦ�ܺ���),�Ϲݾ�������ſ�,����� ǥ��,2018-01-01
�����꿪 ������,������,������,�����꿪 ������,��Ÿ(Ⱦ�ܺ���),�Ϲݾ�������ſ�,����� ǥ��,2018-01-01
���������б� ������,�ص��,�ص��,���������б� ������,��Ÿ(Ⱦ�ܺ���),�Ϲݾ�������ſ�,����� ǥ��,2018-01-01
�̸�Ʈ �ǳ��� Ⱦ�ܺ���,���ط�,���ط�,�̸�Ʈ �ǳ��� Ⱦ�ܺ���,��Ÿ(Ⱦ�ܺ���),�Ϲݾ�������ſ�,����� ǥ��,2018-01-01
�԰Ÿ����� ��,������,������,�԰Ÿ����� ��,��Ÿ(Ⱦ�ܺ���),�Ϲݾ�������ſ�,����� ǥ��,2018-01-01
����ġť�꺴�� �ǳ���,������,������,����ġť�꺴�� �ǳ���,��Ÿ(Ⱦ�ܺ���),�Ϲݾ�������ſ�,����� ǥ��,2018-01-01
���л�Ÿ� ������(â5��),������,������,���л�Ÿ� ������(â5��),��Ÿ(Ⱦ�ܺ���),�Ϲݾ�������ſ�,����� ǥ��,2018-01-01
���л�Ÿ� ������(â5��),������,������,���л�Ÿ� ������(â5��),��Ÿ(Ⱦ�ܺ���),��Ȱ�� ���ſ�,����� ǥ��,2018-01-01
�ֿ��ڵ��� ���������� ,������,������,�ֿ��ڵ��� ���������� ,"������(����,�ý� ��)",�Ϲݾ�������ſ�,����� ǥ��,2018-01-01
�ֿ��ڵ��� ���������� ,������,������,�ֿ��ڵ��� ���������� ,"������(����,�ý� ��)",��Ȱ�� ���ſ�,����� ǥ��,2018-01-01
�����ȭ�ʵ��б�,����õ��,����õ��,�����ȭ�ʵ��б�,��Ÿ(�б���),"�Ϲ�,��Ȱ�뾲������ſ�",����� ǥ��,2018-01-01
�����ڿ��ʵ��б�,�����,�����,�����ڿ��ʵ��б�,��Ÿ(�б���),"�Ϲ�,��Ȱ�뾲������ſ�",����� ǥ��,2018-01-01
�����ڿ��ʵ��б�,�����,�����,�����ڿ��ʵ��б�,��Ÿ(�б���),"�Ϲ�,��Ȱ�뾲������ſ�",����� ǥ��,2018-01-01
���ﰡ���ʵ��б�,������,������,���ﰡ���ʵ��б�,��Ÿ(�б���),"�Ϲ�,��Ȱ�뾲������ſ�",����� ǥ��,2018-01-01
���ﰡ���ʵ��б�,������,������,���ﰡ���ʵ��б�,��Ÿ(�б���),"�Ϲ�,��Ȱ�뾲������ſ�",����� ǥ��,2018-01-01
�ϼ������б�,������,������,�ϼ������б�,��Ÿ(�б���),"�Ϲ�,��Ȱ�뾲������ſ�",����� ǥ��,2018-01-01
�ϼ������б�,������,������,�ϼ������б�,��Ÿ(�б���),"�Ϲ�,��Ȱ�뾲������ſ�",����� ǥ��,2018-01-01
���ﴩ���ʵ��б�,�����,�����,���ﴩ���ʵ��б�,��Ÿ(�б���),"�Ϲ�,��Ȱ�뾲������ſ�",����� ǥ��,2018-01-01
���ﴩ���ʵ��б�,�����,�����,���ﴩ���ʵ��б�,��Ÿ(�б���),"�Ϲ�,��Ȱ�뾲������ſ�",����� ǥ��,2018-01-01
�������� ��,������,������,�������� ��,"������(����,�ý� ��)",�Ϲݾ�������ſ�,����� ǥ��,2018-01-01
ĥ�����̴� ��,������,������,ĥ�����̴� ��,"������(����,�ý� ��)",�Ϲݾ�������ſ�,����� ǥ��,2018-01-01
ĥ�����̴� ��,������,������,ĥ�����̴� ��,"������(����,�ý� ��)",��Ȱ�� ���ſ�,����� ǥ��,2018-01-01
���Ǽ� �Ա�,������,������,���Ǽ� �Ա�,"������(����,�ý� ��)",�Ϲݾ�������ſ�,����� ǥ��,2018-01-01
ȭ�α����� �ǳ���,���з�,���з�,ȭ�α����� �ǳ���,"������(����,�ý� ��)",�Ϲݾ�������ſ�,����� ǥ��,2018-01-01
�������� ��,������,������,�������� ��,"������(����,�ý� ��)",�Ϲݾ�������ſ�,����� ǥ��,2018-01-01
���������Ա� ����������,����,����,���������Ա� ����������,"������(����,�ý� ��)",�Ϲݾ�������ſ�,����� ǥ��,2018-01-01
�ĸ��ٰ�Ʈ ��,����,����,�ĸ��ٰ�Ʈ ��,"������(����,�ý� ��)",�Ϲݾ�������ſ�,����� ǥ��,2018-01-01
û�Ѻ��� ��,�ص��,�ص��,û�Ѻ��� ��,"������(����,�ý� ��)",�Ϲݾ�������ſ�,����� ǥ��,2018-01-01
�켺1�� APT ,�ص��,�ص��,�켺1�� APT ,"������(����,�ý� ��)",�Ϲݾ�������ſ�,����� ǥ��,2018-01-01
�켺2�� APT ,�ص��,�ص��,�켺2�� APT ,"������(����,�ý� ��)",�Ϲݾ�������ſ�,����� ǥ��,2018-01-01
���� 103�� APT ��,�ص��,�ص��,���� 103�� APT ��,"������(����,�ý� ��)",�Ϲݾ�������ſ�,����� ǥ��,2018-01-01
���� 109�� APT ��,�ص��,�ص��,���� 109�� APT ��,"������(����,�ý� ��)",�Ϲݾ�������ſ�,����� ǥ��,2018-01-01
��������� ������,���ط�,���ط�,��������� ������,"������(����,�ý� ��)",�Ϲݾ�������ſ�,����� ǥ��,2018-01-01
���������б� ��,�ص��,�ص��,���������б� ��,"������(����,�ý� ��)",�Ϲݾ�������ſ�,����� ǥ��,2018-01-01
�ְ�1����,�ص��,�ص��,�ְ�1����,"������(����,�ý� ��)",�Ϲݾ�������ſ�,����� ǥ��,2018-01-01
����APT,���ط�,���ط�,����APT,"������(����,�ý� ��)",�Ϲݾ�������ſ�,����� ǥ��,2018-01-01
�ֹ�3�� �����,���ط�,���ط�,�ֹ�3�� �����,"������(����,�ý� ��)",�Ϲݾ�������ſ�,����� ǥ��,2018-01-01
�����ʱ� ��,���ط�,���ط�,�����ʱ� ��,"������(����,�ý� ��)",�Ϲݾ�������ſ�,����� ǥ��,2018-01-01
